<?xml version="1.0" encoding="UTF-8"?>
<beans xmlns="http://www.springframework.org/schema/beans"
    xmlns:xsi="http://www.w3.org/2001/XMLSchema-instance"
    xmlns:context="http://www.springframework.org/schema/context"
    xmlns:tx="http://www.springframework.org/schema/tx"
    xmlns:p="http://www.springframework.org/schema/p"
    xmlns:util="http://www.springframework.org/schema/util"
    xmlns:task="http://www.springframework.org/schema/task"
    xmlns:aop="http://www.springframework.org/schema/aop"
    xsi:schemaLocation="http://www.springframework.org/schema/beans
    http://www.springframework.org/schema/beans/spring-beans-3.2.xsd
    http://www.springframework.org/schema/context
    http://www.springframework.org/schema/context/spring-context-3.2.xsd
    http://www.springframework.org/schema/tx
    http://www.springframework.org/schema/tx/spring-tx.xsd
    http://www.springframework.org/schema/util
    http://www.springframework.org/schema/util/spring-util.xsd
    http://www.springframework.org/schema/task
    http://www.springframework.org/schema/task/spring-task.xsd
    http://www.springframework.org/schema/aop
    http://www.springframework.org/schema/aop/spring-aop-2.0.xsd">

    <import resource="classpath*:application-config-spring.xml" />

    <!-- Use @Transaction annotations for managing transactions -->
    <context:annotation-config />
    <tx:annotation-driven proxy-target-class="true" />

    <bean id="tokenCacheManager"
        class="com.uhc.ucs.cdsm.adapters.allscriptsadapter.util.TokenCacheManager">
    </bean>
    <bean id="connectionUtil"
        class="com.uhc.ucs.cdsm.adapters.allscriptsadapter.util.ConnectionUtil">
        <constructor-arg ref="tokenCacheManager"></constructor-arg>
        <constructor-arg ref="restClient"></constructor-arg>
    </bean>
    <bean id="restClient"
        class="com.uhc.ucs.cdsm.adapters.allscriptsadapter.util.RestClient" init-method="init" destroy-method="close">
    </bean>
    <bean id="allscriptsClinicalAdapterImpl"
        class="com.uhc.ucs.cdsm.adapters.allscriptsadapter.AllscriptClinicalAdapterImpl">
        <constructor-arg ref="connectionUtil"></constructor-arg>
    </bean>

    <!-- Strategies -->

    <bean id="patientSelfPayNotBlackListedInsuranceEligibleStrategyBean"
        class="com.uhc.ucs.cdsm.businesslogic.strategies.PatientSelfPayNotBlackListedInsuranceEligibleStrategy">
        <constructor-arg ref="iSystemSettingDomainData"></constructor-arg>
    </bean>

    <bean id="patientUhgWhiteListedInsuranceEligibleStrategyBean"
        class="com.uhc.ucs.cdsm.businesslogic.strategies.PatientUhgWhiteListedInsuranceEligibleStrategy">
        <constructor-arg ref="iSystemSettingDomainData"></constructor-arg>
    </bean>

    <!-- "Maps" -->
    <util:map id="clinicalAdapterMap" key-type="java.lang.String"
          value-type="com.uhc.ucs.cdsm.adapters.adaptersbase.interfaces.IClinicalAdapter">
          <entry key="touchworks.unity" value-ref="allscriptsClinicalAdapterImpl" />
    </util:map>

    <util:map id="insuranceEligibleStrategyMap" key-type="java.lang.String"
          value-type="com.uhc.ucs.cdsm.businesslogic.strategies.interfaces.IInsuranceEligibleStrategy">
          <entry key="PatientSelfPayNotBlackListedInsuranceEligibleStrategy" value-ref="patientSelfPayNotBlackListedInsuranceEligibleStrategyBean" />
          <entry key="PatientUhgWhiteListedInsuranceEligibleStrategy" value-ref="patientUhgWhiteListedInsuranceEligibleStrategyBean" />
    </util:map>

    <bean id="deploymentInstanceManager"
        class="com.uhc.ucs.cdsm.businesslogic.managers.DeploymentInstanceManager">
        <constructor-arg ref="deploymentConfiguration"></constructor-arg>
        <constructor-arg ref="iInstanceToDataOriginLinkDomainData"></constructor-arg>
    </bean>
    <bean id="localStorage"
        class="com.uhc.ucs.cdsm.businesslogic.managers.LocalStorage">
        <constructor-arg ref="iLocalStorageConfiguration"></constructor-arg>
    </bean>
    <bean id="sftpService" class="com.uhc.ucs.cdsm.eisltwo.exportservices.sftpexportservice.SFTPService"/>

    <bean id="sftpStorage" class="com.uhc.ucs.cdsm.eisltwo.exportservices.sftpexportservice.ExportCCDAServiceImpl">
    <constructor-arg ref="sftpConfiguration"></constructor-arg>
    <constructor-arg ref="sftpService"></constructor-arg>

    </bean>

    <!-- Thread pool definition for tasks to be executed asynchronously. -->
    <bean id="threadPoolTaskExecutor"
        class="org.springframework.scheduling.concurrent.ThreadPoolTaskExecutor"
        p:corePoolSize="10" p:maxPoolSize="20" p:queueCapacity="100"
        p:waitForTasksToCompleteOnShutdown="true" />

    <bean id="springAsyncTaskExecutor"
        class="com.uhc.ucs.cdsm.businesslogic.managers.asynchronous.SpringAsyncTaskExecutor">
        <constructor-arg ref="threadPoolTaskExecutor" ></constructor-arg>
    </bean>

    <bean id="asyncTaskManager"
        class="com.uhc.ucs.cdsm.businesslogic.managers.asynchronous.AsyncTaskManagerImpl">
        <constructor-arg ref="springAsyncTaskExecutor"></constructor-arg>
    </bean>


    <!-- Business Logic Managers -->

    <bean id="iEncounterManagerBean"
        class="com.uhc.ucs.cdsm.businesslogic.managers.EncounterManager">
        <constructor-arg ref="iEncounterDomainData"></constructor-arg>
    </bean>


    <bean id="iCCDAWorkflowManger"
        class="com.uhc.ucs.cdsm.businesslogic.managers.CCDAWorkflowMangerImpl">
        <constructor-arg ref="deploymentInstanceManager"></constructor-arg>
        <!-- <constructor-arg ref="localStorage"></constructor-arg> -->
        <constructor-arg ref="sftpStorage"></constructor-arg>
        <constructor-arg ref="iChaseRequestHistoryDomainData"></constructor-arg>
        <constructor-arg ref="iSystemSettingDomainData"></constructor-arg>
        <constructor-arg ref="iChaseRequestGroupHistoryDomainData"></constructor-arg>
        <constructor-arg ref="iChaseRequestGroupDomainData"></constructor-arg>
        <constructor-arg ref="iPatientDomainData"></constructor-arg>
        <constructor-arg ref="iEncounterManagerBean"></constructor-arg>
        <constructor-arg ref="iClinicalDataOriginSettingsByOriginKeyDomainData"></constructor-arg>
        <constructor-arg ref="asyncTaskManager"></constructor-arg>
        <constructor-arg ref="clinicalAdapterMap"></constructor-arg>
    </bean>

    <!-- azuresqlserverdatalayer beans -->
    <bean id="iChaseRequestGroupHistoryData"
        class="com.uhc.ucs.cdsm.eisltwo.azuresqlserverdatalayer.ChaseRequestGroupHistoryData">
        <constructor-arg ref="dataSource"></constructor-arg>
    </bean>
    <bean id="iChaseRequestGroupData"
        class="com.uhc.ucs.cdsm.eisltwo.azuresqlserverdatalayer.ChaseRequestGroupData">
        <constructor-arg ref="dataSource"></constructor-arg>
    </bean>
    <bean id="iChaseRequestHistoryData"
        class="com.uhc.ucs.cdsm.eisltwo.azuresqlserverdatalayer.ChaseRequestHistoryData">
        <constructor-arg ref="dataSource"></constructor-arg>
    </bean>
    <bean id="iPatientData"
        class="com.uhc.ucs.cdsm.eisltwo.azuresqlserverdatalayer.PatientData">
        <constructor-arg ref="dataSource"></constructor-arg>
    </bean>
    <bean id="iEncounterData"
        class="com.uhc.ucs.cdsm.eisltwo.azuresqlserverdatalayer.EncounterData">
        <constructor-arg ref="dataSource"></constructor-arg>
    </bean>
    <bean id="iSystemSettingData"
        class="com.uhc.ucs.cdsm.eisltwo.azuresqlserverdatalayer.SystemSettingData">
        <constructor-arg ref="dataSource"></constructor-arg>
    </bean>
    <bean id="iClinicalDataOriginSettingsByOriginKeyData"
        class="com.uhc.ucs.cdsm.eisltwo.azuresqlserverdatalayer.ClinicalDataOriginSettingsByOriginKeyData">
        <constructor-arg ref="dataSource"></constructor-arg>
    </bean>
    <bean id="iInstanceToDataOriginLinkData"
        class="com.uhc.ucs.cdsm.eisltwo.azuresqlserverdatalayer.InstanceToDataOriginLinkData">
        <constructor-arg ref="dataSource"></constructor-arg>
    </bean>

    <!-- domaindatalayer beans -->
    <bean id="iSystemSettingDomainData"
        class="com.uhc.ucs.cdsm.eisltwo.domaindatalayer.SystemSettingDomainData">
        <constructor-arg ref="iSystemSettingData"></constructor-arg>
    </bean>
    <bean id="iPatientDomainData"
        class="com.uhc.ucs.cdsm.eisltwo.domaindatalayer.PatientDomainData">
        <constructor-arg ref="iPatientData"></constructor-arg>
    </bean>
    <bean id="iEncounterDomainData"
        class="com.uhc.ucs.cdsm.eisltwo.domaindatalayer.EncounterDomainData">
        <constructor-arg ref="iEncounterData"></constructor-arg>
    </bean>
    <bean id="iChaseRequestHistoryDomainData"
        class="com.uhc.ucs.cdsm.eisltwo.domaindatalayer.ChaseRequestHistoryDomainData">
        <constructor-arg ref="iChaseRequestHistoryData"></constructor-arg>
    </bean>
    <bean id="iChaseRequestGroupHistoryDomainData"
        class="com.uhc.ucs.cdsm.eisltwo.domaindatalayer.ChaseRequestGroupHistoryDomainData">
        <constructor-arg ref="iChaseRequestGroupHistoryData"></constructor-arg>
    </bean>
    <bean id="iChaseRequestGroupDomainData"
        class="com.uhc.ucs.cdsm.eisltwo.domaindatalayer.ChaseRequestGroupDomainData">
        <constructor-arg ref="iChaseRequestGroupData"></constructor-arg>
    </bean>
    <bean id="iClinicalDataOriginSettingsByOriginKeyDomainData"
        class="com.uhc.ucs.cdsm.eisltwo.domaindatalayer.ClinicalDataOriginSettingsByOriginKeyDomainData">
        <constructor-arg ref="iClinicalDataOriginSettingsByOriginKeyData"></constructor-arg>
    </bean>
    <bean id="iInstanceToDataOriginLinkDomainData"
        class="com.uhc.ucs.cdsm.eisltwo.domaindatalayer.InstanceToDataOriginLinkDomainData">
        <constructor-arg ref="iInstanceToDataOriginLinkData"></constructor-arg>
    </bean>

    <bean id="iRemoteCcdaProcessorBean"
        class="com.uhc.ucs.cdsm.eisltwo.jobprocessing.RemoteCcdaProcessor">
        <constructor-arg ref="iSystemSettingDomainData"></constructor-arg>
        <constructor-arg ref="iCCDAWorkflowManger"></constructor-arg>
    </bean>

    <!-- jobprocessingconsoleentry beans -->
    <bean id="cCDARetrieveJobSchedular"
        class="com.uhc.ucs.cdsm.eisltwo.jobprocessingconsoleentry.CCDARetrieveJobSchedular">
        <constructor-arg ref="iSystemSettingDomainData"></constructor-arg>
        <constructor-arg ref="iRemoteCcdaProcessorBean"></constructor-arg>
    </bean>

    <!-- Connection pool configurations -->
    <bean id="hikariConfig" class="com.zaxxer.hikari.HikariConfig">
        <property name="poolName" value="eisltier2CP" />
        <property name="connectionTestQuery" value="SELECT 1" />
        <property name="dataSourceClassName" value="${dataSourceClassName}" />
        <property name="maximumPoolSize" value="${hikari.maximumPoolSize}" />
        <property name="idleTimeout" value="${hikari.idleTimeout}" />

        <property name="dataSourceProperties">
            <props>
                <prop key="url">${PrimaryDatabaseConnectionString}</prop>
            </props>
        </property>
    </bean>

    <bean id="dataSource" class="com.zaxxer.hikari.HikariDataSource"
        destroy-method="close">
        <constructor-arg ref="hikariConfig" />
    </bean>

</beans>

