<?xml version="1.0" encoding="UTF-8"?>
<Configuration>
   <Appenders>
      <JDBC name="SQLServerAppender" tableName="LogEntry">
         <ConnectionFactory class="com.uhc.ucs.cdsm.eisltwo.jobprocessingconsoleentry.LogDataSource" method="getConnection" />
         <Column name="EntryDateUtc" isEventTimestamp="true" />
         <Column name="LOGGER" pattern="%C" />
         <Column name="Level" pattern="%level" />
         <Column name="Message" pattern="%m" />
         <Column name="UserName" pattern="%x" />
         <Column name="Priority" pattern="%p" />
         <Column name="ElapsedMilliseconds" pattern="%r" />
         <Column name="ThreadName" pattern="%t" />
         <Column name="ThrowableMessage" pattern="%throwable " />
      </JDBC> 
      <Console name="Console" target="SYSTEM_OUT">
            <PatternLayout pattern="%d{HH:mm:ss.SSS} [%t] %-5level %logger{36} - %msg%n" />
       </Console>
		<RollingFile name="RollingFile" fileName="../logs/application.log"
			filePattern="../logs/application-%d{yyyy-MM-dd}-%i.log">
			<PatternLayout>
				<pattern>%d{dd/MMM/yyyy HH:mm:ss,SSS}- %c{1}: %m%n</pattern>
			</PatternLayout>
			<Policies>
				<TimeBasedTriggeringPolicy interval="1"
					modulate="true" />
			</Policies>
			<DefaultRolloverStrategy />
		</RollingFile>
       
   </Appenders>
   <Loggers>
     <Logger name="com.uhc.ucs.cdsm.eisltwo" level="debug"
			additivity="false">
			<AppenderRef ref="Console" />
		</Logger>
		<Logger name="org.springframework">
			<level value="error" />
		</Logger>
		<Logger name="org.apache">
			<level value="error" />
		</Logger>
		
		<Root level="info">
			<AppenderRef ref="Console" />
			<AppenderRef ref="RollingFile" level="warn"/>
			<AppenderRef ref="SQLServerAppender" level="warn"/>
		</Root>
   </Loggers>
</Configuration>