<?xml version="1.0" encoding="UTF-8" ?>
<!DOCTYPE log4j:configuration SYSTEM "http://logging.apache.org/log4j/1.2/apidocs/org/apache/log4j/xml/doc-files/log4j.dtd">

<log4j:configuration xmlns:log4j='http://jakarta.apache.org/log4j/'>

	<appender name="consoleAppender" class="org.apache.log4j.ConsoleAppender">
		<layout class="org.apache.log4j.PatternLayout">
			<param name="ConversionPattern"
				value="%d{{yyyy-MM-dd HH:mm:ss} [%t] %-5p %C{1} (%F:%L) - %m%n" />
		</layout>
	</appender>

	<!-- log all logs to a separate log file every day creating new file on 
		every start -->
	<appender name="FileAppender" class="org.apache.log4j.DailyRollingFileAppender">
		<param name="file" value="C://Optum/Workspace/Configs/HibernateTest.log" />
		<param name="append" value="false" />
		<layout class="org.apache.log4j.PatternLayout">
			<param name="ConversionPattern"
				value="%d{{yyyy-MM-dd HH:mm:ss} [%t] %-5p %C{1} (%F:%L) - %m%n" />
		</layout>
	</appender>

	<!-- <logger name="com.optum" additivity="true"> <level value="error" /> 
		</logger> -->

	<logger name="org.springframework" additivity="true">
		<level value="error" />
	</logger>

	<root>
		<priority value="error"></priority>
		<appender-ref ref="FileAppender" />
		<appender-ref ref="consoleAppender" />
	</root>

</log4j:configuration>
