<assembly
	xmlns="http://maven.apache.org/plugins/maven-assembly-plugin/assembly/1.1.2"
	xmlns:xsi="http://www.w3.org/2001/XMLSchema-instance"
	xsi:schemaLocation="http://maven.apache.org/plugins/maven-assembly-plugin/assembly/1.1.2 http://maven.apache.org/xsd/assembly-1.1.2.xsd">
	<id>bundle</id>
	<formats>
		<format>zip</format>
	</formats>
	<includeBaseDirectory>false</includeBaseDirectory>
	<fileSets>
		<fileSet>
			<directory>${project.build.directory}/lib/</directory>
			<outputDirectory>jobprocessing/lib</outputDirectory>
		</fileSet>
		<fileSet>
			<directory>src/main/resources/</directory>
			<outputDirectory>jobprocessing/conf</outputDirectory>
		</fileSet>
		<fileSet>
			<directory>src/bin/</directory>
			<outputDirectory>jobprocessing/bin</outputDirectory>
		</fileSet>
		<fileSet>
			<directory>./../../native/libs/sqljdbc70/x64</directory>
			<outputDirectory>jobprocessing/lib/x64</outputDirectory>
		</fileSet>
	</fileSets>
	<dependencySets>
		<dependencySet>
			<outputDirectory>jobprocessing/lib</outputDirectory>
			<unpack>false</unpack>
			<includes>
				<include>com.uhc.ucs.cdsm.eisltwo:jobprocessingconsoleentry:jar</include>
			</includes>
		</dependencySet>
	</dependencySets>
</assembly>

