<?xml version="1.0" encoding="UTF-8"?>
<beans xmlns="http://www.springframework.org/schema/beans"
	xmlns:xsi="http://www.w3.org/2001/XMLSchema-instance"
	xmlns:context="http://www.springframework.org/schema/context"
	xmlns:tx="http://www.springframework.org/schema/tx"
	xmlns:p="http://www.springframework.org/schema/p"
	xsi:schemaLocation="http://www.springframework.org/schema/beans
    http://www.springframework.org/schema/beans/spring-beans-3.2.xsd
    http://www.springframework.org/schema/context
    http://www.springframework.org/schema/context/spring-context-3.2.xsd
    http://www.springframework.org/schema/tx
    http://www.springframework.org/schema/tx/spring-tx.xsd">

	<!-- Use @Transaction annotations for managing transactions -->
	<context:annotation-config />
	<tx:annotation-driven proxy-target-class="true" />

	<bean id="iTWConfiguration"
		class="com.uhc.ucs.cdsm.eisltwo.configuration.retrievers.TWConfigurationFileImpl">
	</bean>
	<bean id="iConnectionConfiguration"
        class="com.uhc.ucs.cdsm.eisltwo.configuration.retrievers.ConnectionStringRetriever">
    </bean>
     <bean id="sftpConfiguration" 
    	class=" com.uhc.ucs.cdsm.eisltwo.configuration.retrievers.SftpConfigurationImpl"/> 
    
	<!-- jasypt encryption beans -->
	<bean id="systemInfoStringPBEConfig" class="com.uhc.ucs.cdsm.eisltwo.configuration.pbe.SystemInfoStringPBEConfig">
	<property name="algorithm" value="PBEWithMD5AndDES" />
	</bean>
	
	<bean id="configurationEncryptor" class="org.jasypt.encryption.pbe.StandardPBEStringEncryptor">
		<property name="config" ref="systemInfoStringPBEConfig" />
	</bean>
	
	<bean id="propertyConfigurer"
		class="org.jasypt.spring31.properties.EncryptablePropertySourcesPlaceholderConfigurer">
		<constructor-arg ref="configurationEncryptor" />
		<property name="locations">
			<list>
				<value>classpath:/connection.properties</value>
				<value>classpath:/allscripttw.properties</value>
				<value>classpath:/sftp.properties</value>
			</list>
		</property>
		<property name="ignoreUnresolvablePlaceholders" value="false"/>
		<property name="localOverride" value="true"></property>
	</bean>

</beans>

