<?xml version="1.0" encoding="UTF-8"?>
<beans xmlns="http://www.springframework.org/schema/beans"
	xmlns:xsi="http://www.w3.org/2001/XMLSchema-instance"
	xmlns:context="http://www.springframework.org/schema/context"
	xmlns:tx="http://www.springframework.org/schema/tx"
	xmlns:p="http://www.springframework.org/schema/p"
	xmlns:task="http://www.springframework.org/schema/task"
	xmlns:aop="http://www.springframework.org/schema/aop"
	xsi:schemaLocation="http://www.springframework.org/schema/beans
    http://www.springframework.org/schema/beans/spring-beans-3.2.xsd
    http://www.springframework.org/schema/context
    http://www.springframework.org/schema/context/spring-context-3.2.xsd
    http://www.springframework.org/schema/tx
    http://www.springframework.org/schema/tx/spring-tx.xsd
    http://www.springframework.org/schema/task
    http://www.springframework.org/schema/task/spring-task.xsd
    http://www.springframework.org/schema/aop
    http://www.springframework.org/schema/aop/spring-aop-2.0.xsd">
    
    <import resource="classpath*:application-config-spring.xml" />

	<!-- Use @Transaction annotations for managing transactions -->
	<context:annotation-config />
	<tx:annotation-driven proxy-target-class="true" />

	<bean id="connectionUtil"
		class="com.uhc.ucs.cdsm.adapters.allscriptsadapter.util.ConnectionUtil"
		init-method="init">
		<constructor-arg ref="iTWConfiguration"></constructor-arg>
	</bean>
	<bean id="iClinicalAdapter"
		class="com.uhc.ucs.cdsm.adapters.allscriptsadapter.AllscriptClinicalAdapterImpl">
		<constructor-arg ref="connectionUtil"></constructor-arg>
	</bean>
	<bean id="localStorage"
		class="com.uhc.ucs.cdsm.businesslogic.managers.LocalStorage">
		<constructor-arg ref="iTWConfiguration"></constructor-arg>
	</bean>
	<bean id="sftpService" class="com.uhc.ucs.cdsm.eisltwo.exportservices.sftpexportservice.SFTPService"/>

	<bean id="sftpStorage" class="com.uhc.ucs.cdsm.eisltwo.exportservices.sftpexportservice.ExportCCDAServiceImpl">
	<constructor-arg ref="sftpConfiguration"></constructor-arg>
	<constructor-arg ref="iTWConfiguration"></constructor-arg>
	<constructor-arg ref="sftpService"></constructor-arg>

	</bean>
	
	<!-- Thread pool definition for tasks to be executed asynchronously. -->
	<bean id="threadPoolTaskExecutor"
		class="org.springframework.scheduling.concurrent.ThreadPoolTaskExecutor"
		p:corePoolSize="10" p:maxPoolSize="20" p:queueCapacity="100"
		p:waitForTasksToCompleteOnShutdown="true" />

	<bean id="springAsyncTaskExecutor"
		class="com.uhc.ucs.cdsm.businesslogic.managers.asynchronous.SpringAsyncTaskExecutor">
		<constructor-arg ref="threadPoolTaskExecutor" ></constructor-arg>
		<!-- <property name="asyncTaskExecutor" ref="threadPoolTaskExecutor" /> -->
	</bean>

	<bean id="asyncTaskManager"
		class="com.uhc.ucs.cdsm.businesslogic.managers.asynchronous.AsyncTaskManagerImpl">
		<constructor-arg ref="springAsyncTaskExecutor"></constructor-arg>
		<!-- <property name="asyncTaskExecutor" ref="springAsyncTaskExecutor" /> -->
	</bean>
	
	<bean id="iCCDAWorkflowManger"
		class="com.uhc.ucs.cdsm.businesslogic.managers.CCDAWorkflowMangerImpl">
		<constructor-arg ref="iClinicalAdapter"></constructor-arg>
		<!-- <constructor-arg ref="localStorage"></constructor-arg> -->
		<constructor-arg ref="sftpStorage"></constructor-arg>
		<constructor-arg ref="iChaseRequestHistoryDomainData"></constructor-arg>
		<constructor-arg ref="iSystemSettingDomainData"></constructor-arg>
		<constructor-arg ref="iChaseRequestGroupHistoryDomainData"></constructor-arg>
		<constructor-arg ref="iChaseRequestGroupDomainData"></constructor-arg>
		<constructor-arg ref="iPatientDomainData"></constructor-arg>
		<constructor-arg ref="iEncounterDomainData"></constructor-arg>
		<constructor-arg ref="asyncTaskManager"></constructor-arg>
	</bean>
	
	<!-- azuresqlserverdatalayer beans -->
	<bean id="iChaseRequestGroupHistoryData"
		class="com.uhc.ucs.cdsm.eisltwo.azuresqlserverdatalayer.ChaseRequestGroupHistoryData">
		<constructor-arg ref="iConnectionConfiguration"></constructor-arg>
	</bean>
	<bean id="iChaseRequestGroupData"
		class="com.uhc.ucs.cdsm.eisltwo.azuresqlserverdatalayer.ChaseRequestGroupData">
		<constructor-arg ref="iConnectionConfiguration"></constructor-arg>
	</bean>
	<bean id="iChaseRequestHistoryData"
		class="com.uhc.ucs.cdsm.eisltwo.azuresqlserverdatalayer.ChaseRequestHistoryData">
		<constructor-arg ref="iConnectionConfiguration"></constructor-arg>
	</bean>
	<bean id="iPatientData"
		class="com.uhc.ucs.cdsm.eisltwo.azuresqlserverdatalayer.PatientData">
		<constructor-arg ref="iConnectionConfiguration"></constructor-arg>
	</bean>
	<bean id="iEncounterData"
		class="com.uhc.ucs.cdsm.eisltwo.azuresqlserverdatalayer.EncounterData">
		<constructor-arg ref="iConnectionConfiguration"></constructor-arg>
	</bean>
	<bean id="iSystemSettingData"
		class="com.uhc.ucs.cdsm.eisltwo.azuresqlserverdatalayer.SystemSettingData">
		<constructor-arg ref="iConnectionConfiguration"></constructor-arg>
	</bean>
	
	<!-- domaindatalayer beans -->
	<bean id="iSystemSettingDomainData"
		class="com.uhc.ucs.cdsm.eisltwo.domaindatalayer.SystemSettingDomainData">
		<constructor-arg ref="iSystemSettingData"></constructor-arg>
	</bean>
	<bean id="iPatientDomainData"
		class="com.uhc.ucs.cdsm.eisltwo.domaindatalayer.PatientDomainData">
		<constructor-arg ref="iPatientData"></constructor-arg>
	</bean>
	<bean id="iEncounterDomainData"
		class="com.uhc.ucs.cdsm.eisltwo.domaindatalayer.EncounterDomainData">
		<constructor-arg ref="iEncounterData"></constructor-arg>
	</bean>
	<bean id="iChaseRequestHistoryDomainData"
		class="com.uhc.ucs.cdsm.eisltwo.domaindatalayer.ChaseRequestHistoryDomainData">
		<constructor-arg ref="iChaseRequestHistoryData"></constructor-arg>
	</bean>
	<bean id="iChaseRequestGroupHistoryDomainData"
		class="com.uhc.ucs.cdsm.eisltwo.domaindatalayer.ChaseRequestGroupHistoryDomainData">
		<constructor-arg ref="iChaseRequestGroupHistoryData"></constructor-arg>
	</bean>
	<bean id="iChaseRequestGroupDomainData"
		class="com.uhc.ucs.cdsm.eisltwo.domaindatalayer.ChaseRequestGroupDomainData">
		<constructor-arg ref="iChaseRequestGroupData"></constructor-arg>
	</bean>
	
	<bean id="iRemoteCcdaProcessorBean"
		class="com.uhc.ucs.cdsm.eisltwo.jobprocessing.RemoteCcdaProcessor">
		<constructor-arg ref="iSystemSettingDomainData"></constructor-arg>
		<constructor-arg ref="iCCDAWorkflowManger"></constructor-arg>
	</bean>	
	
	<!-- jobprocessingconsoleentry beans-->
	<bean id="cCDARetrieveJobSchedular"
		class="com.uhc.ucs.cdsm.eisltwo.jobprocessingconsoleentry.CCDARetrieveJobSchedular">
		<constructor-arg ref="iSystemSettingDomainData"></constructor-arg>
		<constructor-arg ref="iRemoteCcdaProcessorBean"></constructor-arg>
	</bean>
	
</beans>

