<?xml version="1.0" encoding="UTF-8" ?>
<!DOCTYPE log4j:configuration SYSTEM "log4j.dtd">

<log4j:configuration
	xmlns:log4j="http://jakarta.apache.org/log4j/">

	<appender name="MyConsole"
		class="org.apache.log4j.ConsoleAppender">
		<param name="Threshold" value="debug" />
		<param name="Target" value="System.out" />
		<layout class="org.apache.log4j.PatternLayout">
			<param name="ConversionPattern"
				value="%d{yyyy-MM-dd HH:mm:ss} %-4r [%t] %-5p %c %x - %m%n" />
		</layout>
	</appender>

	<appender name="MyRollingFileAppender"
		class="org.apache.log4j.RollingFileAppender">
		<param name="Threshold" value="warn" />
		<param name="file" value="logs/MyRollingFileAppender.log" />
		<param name="MaxFileSize" value="1MB" />
		<param name="MaxBackupIndex" value="2" />
		<layout class="org.apache.log4j.PatternLayout">
			<param name="ConversionPattern"
				value="%d{yyyy-MM-dd HH:mm:ss} %-5p %m%n" />
		</layout>
	</appender>

	<root>
		<priority value="debug" />
		<appender-ref ref="MyConsole" />
		<appender-ref ref="MyRollingFileAppender" />
	</root>

</log4j:configuration>