<?xml version="1.0" encoding="UTF-8"?>
<Configuration>
   <Appenders>
      
      <Console name="Console" target="SYSTEM_OUT">
            <PatternLayout pattern="%d{HH:mm:ss.SSS} [%t] %-5level %logger{36} - %msg%n" />
       </Console>
   </Appenders>
   <Loggers>
      <Logger name="com.uhc.ucs.cdsm.eisltwo" level="debug" additivity="false">
         <AppenderRef ref="Console" />
      </Logger>
      <Root level="debug">
         <AppenderRef ref="Console" />
      </Root>
   </Loggers>
</Configuration>